【最新技術に振り回されない】 低レイヤーに強くなるための鉄板コンテンツ集, https://qiita.com/aaaaaaa8888/items/51c8084c00853d36cd01
【保存版】フロントエンド初心者がまず読むべき資料まとめ【2024年最新】, https://qiita.com/nuco_YM/items/b4259d838be53a6f44ee
【2024年末最新】AWS 学習におすすめの技術書 厳選12冊（初級者から上級者まで）, https://qiita.com/hiyanger/items/042e31209de44db7a816
アセンブラ言語プログラミングテクニック【基本編】, https://qiita.com/sapi_kawahara/items/7b8740dcc5e0d1cd4a4f
保存版！プログラミング英単語リファレンス大全, https://qiita.com/yoshiki_abe/items/e943df404b56f1126daf
TypeScriptで『関数型ドメインモデリング』をやってみよう, https://qiita.com/hanaokatomoki/items/cf09dcfb69b1ae0c6e0a
作業効率を上げるために買って良かったもの7選（在宅エンジニア）, https://qiita.com/Sashiiii111/items/1f24cfe0eb58311cdec2
長く働くためには, https://qiita.com/smasuda0624/items/af06efb67f086500c5b8
GitLabからGitHubに移行した時に直面した課題と対策, https://qiita.com/Plath/items/ea2a76b7045b0198c3fc
UnrealEngineでアバターを動かす方法, https://qiita.com/mintan/items/72d63cce4e6197b151b7
怖くなかった！JAWS-UG ～自身の関わりの変遷と得たもの～, https://qiita.com/n_53_xx/items/e898aa2826de522ab0a4
Backlog の課題に Power Automate の承認を組み込もう, https://qiita.com/Rinatamu/items/de71397bd161233e1fe1
データサイエンティストのおすすめ書籍30選, https://qiita.com/suikabar/items/073afa6ef50c935d74db
インテグレーションテストをもっと楽に！Testcontainers はじめました, https://qiita.com/k-yoshigai/items/f9daf847a3465aee55c7
オリジナルの地図デザインを作る！その１（夜景マップ）, https://qiita.com/chizutodesign/items/5510dade193a6a817332
Amazon Bedrockを用いてプレゼン動画から書き起こし記事を自動生成した話, https://qiita.com/kiiwami/items/b4437348ab4de4ce7e88
Accessからサクッと移行してみた, https://qiita.com/lamo-shibata/items/2834b1cfbd8cef81eaf5
シンプルなサイネージを作りながら考えたこと, https://qiita.com/sy_cpta/items/455bf39041bd85354ef0
Kaggle画像コンペでやっていること③, https://qiita.com/Kmat67916008/items/6db4446698a58a6b3f0d
LlamaIndexでGraphRAGを作って、Bedrockのナレッジベースと精度比較！, https://qiita.com/har1101/items/a02d274cfb0c964d4e14
なんでこんなにもWebフレームワークは目まぐるしく変化しているんだろうか, https://qiita.com/TokomaBaou/items/5c723f0a393a08a9f225
5ヵ月で CISSP CCSP SSCP CC 全てに合格した話, https://qiita.com/II_SI/items/2c4ddd7de677fb21697f
React 初心者がハマりがちな罠とその回避法 7 選, https://qiita.com/shion980/items/c61afb6b63eb9514e275
Next.jsでMarkdownを簡単に実装！react-markdown × TailwindCSSのコツを解説, https://qiita.com/soma-k/items/9c1c901fdca27080d1d3
「すべての」と「ある」, https://qiita.com/kotolabdev/items/5a6ce0daa44a9d0a9916
Purview で AI 活用のためのデータセキュリティを強化しよう！, https://qiita.com/H4ppyR41nyD4y/items/0554e8078493624c0950
女子中高生とスタックチャン～WSやってみた, https://qiita.com/star_f/items/c76b392862e8773aef7a
配列を作成して HTML テーブルを作成する, https://qiita.com/Takashi_Masumori/items/a6a5f052c338249bb25c
メール送信をAIコーディングしたら失敗した話, https://qiita.com/Holy_fox/items/48b4e2a27b2afb5064da
気象データから犬と散歩しやすい地域を探す, https://qiita.com/keach_r/items/c589655101a30f69ebdd
